{
	"info": {
		"_postman_id": "610615c0-564b-4393-bc6a-91a5857991de",
		"name": "TrainingHTTP-MockServer",
		"schema": "https://schema.getpostman.com/json/collection/v2.1.0/collection.json",
		"_exporter_id": "14576972"
	},
	"item": [
		{
			"name": "get500",
			"protocolProfileBehavior": {
				"disableBodyPruning": true
			},
			"request": {
				"method": "GET",
				"header": [],
				"body": {
					"mode": "raw",
					"raw": ""
				},
				"url": {
					"raw": "{{url}}/get500",
					"host": [
						"{{url}}"
					],
					"path": [
						"get500"
					]
				}
			},
			"response": [
				{
					"name": "demo",
					"originalRequest": {
						"method": "GET",
						"header": [],
						"body": {
							"mode": "raw",
							"raw": ""
						},
						"url": {
							"raw": "{{url}}/get500",
							"host": [
								"{{url}}"
							],
							"path": [
								"get500"
							]
						}
					},
					"code": 500,
					"_postman_previewlanguage": "json",
					"header": [
						{
							"key": "Content-Type",
							"value": "application/json",
							"name": "Content-Type",
							"description": "",
							"type": "text"
						}
					],
					"cookie": [],
					"body": "{\"HTTP\" : 500}"
				}
			]
		},
		{
			"name": "get401",
			"protocolProfileBehavior": {
				"disableBodyPruning": true
			},
			"request": {
				"method": "GET",
				"header": [],
				"body": {
					"mode": "raw",
					"raw": ""
				},
				"url": {
					"raw": "{{url}}/get401",
					"host": [
						"{{url}}"
					],
					"path": [
						"get401"
					]
				}
			},
			"response": [
				{
					"name": "demo",
					"originalRequest": {
						"method": "GET",
						"header": [],
						"body": {
							"mode": "raw",
							"raw": ""
						},
						"url": {
							"raw": "{{url}}/get401",
							"host": [
								"{{url}}"
							],
							"path": [
								"get401"
							]
						}
					},
					"code": 401,
					"_postman_previewlanguage": "json",
					"header": [
						{
							"key": "Content-Type",
							"value": "application/json",
							"name": "Content-Type",
							"description": "",
							"type": "text"
						}
					],
					"cookie": [],
					"body": "{\"HTTP\": 401}"
				}
			]
		},
		{
			"name": "post201",
			"request": {
				"method": "POST",
				"header": [],
				"body": {
					"mode": "raw",
					"raw": "{\n    \"name\":\"shashank sagar\",\n    \"city\":\"prayagraj\",\n    \"state\":\"uttar pradesh\"\n}",
					"options": {
						"raw": {
							"language": "json"
						}
					}
				},
				"url": {
					"raw": "{{url}}/post201",
					"host": [
						"{{url}}"
					],
					"path": [
						"post201"
					]
				}
			},
			"response": [
				{
					"name": "demo",
					"originalRequest": {
						"method": "POST",
						"header": [
							{
								"key": "Content-Type",
								"name": "Content-Type",
								"value": "application/json",
								"type": "text"
							}
						],
						"body": {
							"mode": "raw",
							"raw": "{\n    \"name\":\"shashank sagar\",\n    \"city\":\"prayagraj\",\n    \"state\":\"uttar pradesh\"\n}",
							"options": {
								"raw": {
									"language": "json"
								}
							}
						},
						"url": {
							"raw": "{{url}}/post201",
							"host": [
								"{{url}}"
							],
							"path": [
								"post201"
							]
						}
					},
					"code": 201,
					"_postman_previewlanguage": "json",
					"header": [
						{
							"key": "Content-Type",
							"value": "application/json",
							"name": "Content-Type",
							"description": "",
							"type": "text"
						}
					],
					"cookie": [],
					"body": "{\n    \"status code\":201,\n    \"name\":\"shashank sagar\",\n    \"city\":\"prayagraj\",\n    \"state\":\"uttar pradesh\"\n}"
				}
			]
		},
		{
			"name": "put200",
			"request": {
				"method": "PUT",
				"header": [],
				"body": {
					"mode": "raw",
					"raw": ""
				},
				"url": {
					"raw": "{{url}}/put200",
					"host": [
						"{{url}}"
					],
					"path": [
						"put200"
					]
				}
			},
			"response": [
				{
					"name": "demo",
					"originalRequest": {
						"method": "PUT",
						"header": [
							{
								"key": "File-Type",
								"value": "text/csv",
								"type": "text"
							},
							{
								"key": "Password",
								"value": "shashanksagar",
								"type": "text"
							}
						],
						"body": {
							"mode": "file",
							"file": {
								"src": "_oeU8O2O2/category.csv"
							}
						},
						"url": {
							"raw": "{{url}}/put200",
							"host": [
								"{{url}}"
							],
							"path": [
								"put200"
							]
						}
					},
					"code": 200,
					"_postman_previewlanguage": null,
					"header": null,
					"cookie": [],
					"body": "{\n    \"status code\": 200,\n    \"message\": \"file updated successfully with respective type and password\"\n}"
				}
			]
		}
	],
	"variable": [
		{
			"key": "url",
			"value": "https://1db74d19-dccb-497a-addb-5fd2c34b1e8d.mock.pstmn.io"
		}
	]
}