{
	"info": {
		"_postman_id": "dfa80ba0-09b5-49e2-987c-e7a79cd587d9",
		"name": "TrainingHTTP-7-8",
		"schema": "https://schema.getpostman.com/json/collection/v2.1.0/collection.json",
		"_exporter_id": "14576972"
	},
	"item": [
		{
			"name": "cross-origin",
			"event": [
				{
					"listen": "test",
					"script": {
						"exec": [
							""
						],
						"type": "text/javascript"
					}
				}
			],
			"protocolProfileBehavior": {
				"disableBodyPruning": true
			},
			"request": {
				"method": "GET",
				"header": [],
				"body": {
					"mode": "raw",
					"raw": ""
				},
				"url": {
					"raw": "{{url}}/cross-origin",
					"host": [
						"{{url}}"
					],
					"path": [
						"cross-origin"
					]
				}
			},
			"response": [
				{
					"name": "Default",
					"originalRequest": {
						"method": "GET",
						"header": [],
						"body": {
							"mode": "raw",
							"raw": ""
						},
						"url": {
							"raw": "{{url}}/cross-origin",
							"host": [
								"{{url}}"
							],
							"path": [
								"cross-origin"
							]
						}
					},
					"code": 200,
					"_postman_previewlanguage": "json",
					"header": [
						{
							"key": "Access-Control-Allow-Origin",
							"value": "d95e03ed-f1f8-4c15-a6ec-0d0624ffb5f5.mock.pstmn.io",
							"description": "",
							"type": "text"
						},
						{
							"key": "Content-Type",
							"value": "application/json",
							"name": "Content-Type",
							"description": "",
							"type": "text"
						}
					],
					"cookie": [],
					"body": "{\n    \"status code\": 200,\n    \"message\": \"cross-origin mock api created\"\n}"
				}
			]
		},
		{
			"name": "cookie/authentication",
			"request": {
				"auth": {
					"type": "bearer",
					"bearer": [
						{
							"key": "token",
							"value": "{{custom_token}}",
							"type": "string"
						}
					]
				},
				"method": "POST",
				"header": [],
				"body": {
					"mode": "raw",
					"raw": ""
				},
				"url": {
					"raw": "{{url}}/cookie/authentication",
					"host": [
						"{{url}}"
					],
					"path": [
						"cookie",
						"authentication"
					]
				}
			},
			"response": [
				{
					"name": "Default",
					"originalRequest": {
						"method": "POST",
						"header": [],
						"body": {
							"mode": "raw",
							"raw": ""
						},
						"url": {
							"raw": "{{url}}/cookie/authentication",
							"host": [
								"{{url}}"
							],
							"path": [
								"cookie",
								"authentication"
							]
						}
					},
					"code": 200,
					"_postman_previewlanguage": "json",
					"header": [
						{
							"key": "Content-Type",
							"value": "application/json",
							"name": "Content-Type",
							"description": "",
							"type": "text"
						}
					],
					"cookie": [],
					"body": "{\n    \"status code\": 200,\n    \"message\": \"cookie/authentication task completed\"\n}"
				}
			]
		}
	],
	"variable": [
		{
			"key": "url",
			"value": "https://d95e03ed-f1f8-4c15-a6ec-0d0624ffb5f5.mock.pstmn.io"
		},
		{
			"key": "custom_token",
			"value": "shashanksagar12345678shashanksagar"
		}
	]
}