{
	"info": {
		"_postman_id": "c801a297-74e4-4567-91b8-9fe86555cf71",
		"name": "TrainingHTTP-Ques-1-2",
		"schema": "https://schema.getpostman.com/json/collection/v2.1.0/collection.json",
		"_exporter_id": "14576972"
	},
	"item": [
		{
			"name": "FetchData",
			"request": {
				"method": "GET",
				"header": []
			},
			"response": []
		},
		{
			"name": "EventInfo",
			"request": {
				"method": "GET",
				"header": []
			},
			"response": []
		}
	],
	"variable": [
		{
			"key": "client_secret",
			"value": "232207178899-m2av8fitsuqnn6i7d055pn49e8a05pbh.apps.googleusercontent.com"
		},
		{
			"key": "client_secret_original",
			"value": "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"
		},
		{
			"key": "client_id",
			"value": "232207178899-m2av8fitsuqnn6i7d055pn49e8a05pbh.apps.googleusercontent.com"
		},
		{
			"key": "client_id_event",
			"value": "232207178899-11jgkblb8s3086hin811of8gfmree2fl.apps.googleusercontent.com"
		},
		{
			"key": "client_secret_event",
			"value": "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"
		}
	]
}